{"tab_1": {"model": 2, "endogenous_variables": "ffrate gap inf", "exogenous_variables": "", "frequency": 3, "sample": "1956-03-31 2019-12-31", "project_path": "/home/romain/alexandria-python-in-progress", "data_file": "data/data.csv", "progress_bar": true, "create_graphics": true, "save_results": true}, "tab_2_lr": {"regression_type": 3, "iterations": "5000", "burnin": "1000", "model_credibility": "0.95", "b": "0", "V": "1", "alpha": "0.0001", "delta": "0.0001", "g": "0", "Q": "100", "tau": "0.001", "thinning": false, "thinning_frequency": "10", "Z_variables": "gap inf", "q": "2", "p": "0", "H": "100", "constant": true, "b_constant": "0", "V_constant": "1", "trend": false, "b_trend": "0", "V_trend": "1", "quadratic_trend": false, "b_quadratic_trend": "0", "V_quadratic_trend": "1", "insample_fit": true, "marginal_likelihood": true, "hyperparameter_optimization": true, "optimization_type": 2}, "tab_2_var": {"var_type": 2, "iterations": "2000", "burnin": "1000", "model_credibility": "0.6", "constant": true, "trend": false, "quadratic_trend": false, "lags": "2", "ar_coefficients": "0.9", "pi1": "0.1", "pi2": "0.5", "pi3": "1", "pi4": "100", "pi5": "1", "pi6": "0.001", "pi7": "0.1", "proxy_variables": "proxy_1 proxy_2", "lamda": "0.3", "proxy_prior": 2, "insample_fit": false, "constrained_coefficients": true, "sums_of_coefficients": false, "initial_observation": false, "long_run": false, "stationary": false, "marginal_likelihood": false, "hyperparameter_optimization": false, "coefficients_file": "data/constrained_coefficients.csv", "long_run_file": "long_run.csv"}, "tab_3": {"forecast": true, "conditional_forecast": false, "irf": false, "fevd": false, "hd": false, "forecast_credibility": "0.6", "conditional_forecast_credibility": "0.6", "irf_credibility": "0.6", "fevd_credibility": "0.6", "hd_credibility": "0.6", "forecast_periods": "4", "conditional_forecast_type": 1, "forecast_file": "data_forecast.csv", "conditional_forecast_file": "conditions.csv", "forecast_evaluation": false, "irf_periods": "30", "structural_identification": 2, "structural_identification_file": "restrictions.csv"}}